signal,n,mean,std,p05,p25,p50,p75,p95,frac_zero,frac_one,min,max
kw_raw,607,0.1947,0.2373,0.0,0.0,0.1176,0.25,0.75,0.2636,0.0049,0.0,1.0
skill_raw,607,0.2555,0.2979,0.0,0.0,0.0,0.5417,0.75,0.5321,0.0115,0.0,1.0
ngram_raw,607,0.3628,0.4459,0.0,0.0,0.0,1.0,1.0,0.5157,0.3081,0.0,1.0
edu_raw,607,0.8387,0.264,0.3,0.5,1.0,1.0,1.0,0.0,0.7183,0.3,1.0
seniority_raw,607,0.9896,0.0548,1.0,1.0,1.0,1.0,1.0,0.0,0.9654,0.7,1.0
cosine_blended,607,0.7281,0.319,0.0951,0.5067,0.9369,1.0,1.0,0.0049,0.4745,0.0,1.0
whole_doc_cos_raw,607,0.7297,0.3163,0.0951,0.4967,0.9369,1.0,1.0,0.0049,0.4794,0.0,1.0
exp_cos_raw,607,0.1799,0.3464,0.0,0.0,0.0,0.0,1.0,0.7512,0.1137,0.0,1.0
final_score,607,46.8764,14.7835,23.0,40.0,45.0,56.0,72.0,0.0,0.0,6.0,93.0
